Fecha,1.  ¿Cómo describiría el proceso de ventas actual en la empresa?,2.   ¿Qué herramientas o sistemas utiliza el equipo de ventas para gestionar clientes y ventas?,3.   ¿Cómo se realiza el seguimiento a los clientes potenciales y existentes?,4.   ¿Cómo se establecen las metas de ventas en la empresa?,5.  ¿Con qué frecuencia se revisa el desempeño del equipo de ventas?,6.  ¿Qué métricas se utilizan para medir el éxito de las ventas? (Seleccione todas las que apliquen),7.  ¿Recibe el equipo de ventas capacitación regular?,8.  ¿Qué tipo de capacitación considera más útil para el equipo de ventas?,9.  ¿Cuáles son los principales retos que enfrenta el área de ventas? (Seleccione todas las que apliquen),10.  ¿Qué sugerencias tiene para mejorar en el área de ventas?   (Seleccione todas las que apliquen)
2024-10-05,"Algo organizado, pero con áreas de mejora","Herramientas manuales (papel, libretas)","Manualmente, con llamadas o correos",Definido por el gerente sin análisis previo,Mensualmente,Cantidad de productos vendidos;Número de clientes nuevos,Ocasionalmente,Técnicas de ventas,Falta de clientes;Falta de información del estado de ventas;Falta de capacitación,Mejorar la capacitación del equipo;Implementar herramientas tecnológicas
2024-10-05,Poco estructurado y desorganizado,"Herramientas manuales (papel, libretas)","Manualmente, con llamadas o correos",Definido por el gerente sin análisis previo,No se revisa,Cantidad de productos vendidos;Número de clientes nuevos,No se brinda capacitación,Atención al cliente,Falta de información del estado de ventas;Falta de capacitación,Implementar herramientas tecnológicas;Optimizar el proceso de seguimiento de clientes
2024-10-05,"Algo organizado, pero con áreas de mejora","Hojas de cálculo (Excel, Google Sheets)","Manualmente, con llamadas o correos",Definido por el gerente sin análisis previo,No se revisa,Total ganancias;Número de clientes nuevos,Ocasionalmente,Manejo de herramientas tecnológicas,Falta de clientes;Falta de capacitación,Implementar herramientas tecnológicas;Optimizar el proceso de seguimiento de clientes
2024-10-05,Poco estructurado y desorganizado,"Herramientas manuales (papel, libretas)","Manualmente, con llamadas o correos",No hay metas claras,Mensualmente,Total ganancias;Número de clientes nuevos,Ocasionalmente,Atención al cliente,Falta de capacitación;Limitaciones en herramientas tecnológicas;falta de publicidad en redes sociales,Implementar herramientas tecnológicas;Optimizar el proceso de seguimiento de clientes
2024-10-05,Poco estructurado y desorganizado,"Hojas de cálculo (Excel, Google Sheets)",No se realiza seguimiento,No hay metas claras,No se revisa,Total ganancias;Incentivos por llegar a las metas,No se brinda capacitación,Apoyo con recursos para publicidad,Falta de clientes;Falta de información del estado de ventas;Falta de capacitación;Limitaciones en herramientas tecnológicas,Implementar herramientas tecnológicas;Optimizar el proceso de seguimiento de clientes
2024-10-05,"Algo organizado, pero con áreas de mejora","Herramientas manuales (papel, libretas)",No se realiza seguimiento,Definido por el gerente sin análisis previo,Mensualmente,Total ganancias;Número de clientes nuevos,No se brinda capacitación,Atención al cliente,Falta de clientes;Limitaciones en herramientas tecnológicas,Mejorar la capacitación del equipo;Implementar herramientas tecnológicas
2024-10-05,"Algo organizado, pero con áreas de mejora","Hojas de cálculo (Excel, Google Sheets)",No se realiza seguimiento,Definido por el gerente sin análisis previo,Mensualmente,Total ganancias;Número de clientes nuevos,Ocasionalmente,Atención al cliente,Falta de información del estado de ventas;Falta de capacitación,Implementar herramientas tecnológicas;Optimizar el proceso de seguimiento de clientes
2024-10-05,"Algo organizado, pero con áreas de mejora","Herramientas manuales (papel, libretas)",No se realiza seguimiento,Definido por el gerente sin análisis previo,Mensualmente,Total ganancias;Número de clientes nuevos,No se brinda capacitación,Manejo de herramientas tecnológicas,Falta de información del estado de ventas;Falta de capacitación,Implementar herramientas tecnológicas;Optimizar el proceso de seguimiento de clientes
2024-10-05,"Algo organizado, pero con áreas de mejora","Herramientas manuales (papel, libretas)",No se realiza seguimiento,No hay metas claras,No se revisa,Cantidad de productos vendidos;Número de clientes nuevos,No se brinda capacitación,Técnicas de ventas,Limitaciones en herramientas tecnológicas,Optimizar el proceso de seguimiento de clientes
2024-10-05,"Algo organizado, pero con áreas de mejora","Hojas de cálculo (Excel, Google Sheets)","Manualmente, con llamadas o correos",Definido por el gerente sin análisis previo,Mensualmente,Total ganancias;Número de clientes nuevos,Ocasionalmente,Manejo de herramientas tecnológicas,Falta de capacitación;Limitaciones en herramientas tecnológicas,Mejorar la capacitación del equipo;Optimizar el proceso de seguimiento de clientes
2024-10-05,"Algo organizado, pero con áreas de mejora","Hojas de cálculo (Excel, Google Sheets)","Manualmente, con llamadas o correos",Definido por el gerente sin análisis previo,Mensualmente,Cantidad de productos vendidos;Total ganancias,Ocasionalmente,Manejo de herramientas tecnológicas,Falta de información del estado de ventas;Falta de capacitación,Mejorar la capacitación del equipo;Optimizar el proceso de seguimiento de clientes
2024-10-05,"Algo organizado, pero con áreas de mejora","Herramientas manuales (papel, libretas)","Manualmente, con llamadas o correos",No hay metas claras,Mensualmente,Total ganancias;Número de clientes nuevos,No se brinda capacitación,Manejo de herramientas tecnológicas,Falta de información del estado de ventas;Limitaciones en herramientas tecnológicas,Mejorar la capacitación del equipo;Implementar herramientas tecnológicas
2024-10-05,"Algo organizado, pero con áreas de mejora","Hojas de cálculo (Excel, Google Sheets)",No se realiza seguimiento,No hay metas claras,Mensualmente,Total ganancias;Número de clientes nuevos,No se brinda capacitación,Manejo de herramientas tecnológicas,Falta de capacitación;Limitaciones en herramientas tecnológicas,Mejorar la capacitación del equipo;Implementar herramientas tecnológicas;Optimizar el proceso de seguimiento de clientes
2024-10-05,"Algo organizado, pero con áreas de mejora","Hojas de cálculo (Excel, Google Sheets)","Manualmente, con llamadas o correos",Definido por el gerente sin análisis previo,No se revisa,Total ganancias;Número de clientes nuevos,Ocasionalmente,Manejo de herramientas tecnológicas,Falta de información del estado de ventas;Falta de capacitación,Implementar herramientas tecnológicas;Optimizar el proceso de seguimiento de clientes;mayor incentivos a los vendedores
2024-10-05,"Algo organizado, pero con áreas de mejora","Herramientas manuales (papel, libretas)",No se realiza seguimiento,Definido por el gerente sin análisis previo,Mensualmente,Cantidad de productos vendidos;Total ganancias;Número de clientes nuevos,Ocasionalmente,Atención al cliente,Falta de clientes;Falta de información del estado de ventas;Falta de capacitación,Mejorar la capacitación del equipo;Optimizar el proceso de seguimiento de clientes
2024-10-05,"Algo organizado, pero con áreas de mejora","Hojas de cálculo (Excel, Google Sheets)","Manualmente, con llamadas o correos",Definido por el gerente sin análisis previo,Mensualmente,Total ganancias;Número de clientes nuevos,No se brinda capacitación,Manejo de herramientas tecnológicas,Falta de información del estado de ventas,Implementar herramientas tecnológicas;Optimizar el proceso de seguimiento de clientes;conocer la demanda de las herramientas
2024-10-05,"Algo organizado, pero con áreas de mejora","Herramientas manuales (papel, libretas)","Manualmente, con llamadas o correos",Definido por el gerente sin análisis previo,Mensualmente,Total ganancias;Número de clientes nuevos,Ocasionalmente,Técnicas de ventas,Falta de información del estado de ventas;Falta de capacitación,Mejorar la capacitación del equipo;Implementar herramientas tecnológicas
2024-10-05,Poco estructurado y desorganizado,"Herramientas manuales (papel, libretas)",No se realiza seguimiento,No hay metas claras,No se revisa,Total ganancias;Número de clientes nuevos,No se brinda capacitación,Atención al cliente,Falta de capacitación;Limitaciones en herramientas tecnológicas,Implementar herramientas tecnológicas;Optimizar el proceso de seguimiento de clientes
2024-10-05,Poco estructurado y desorganizado,"Herramientas manuales (papel, libretas)",No se realiza seguimiento,No hay metas claras,No se revisa,Total ganancias;Número de clientes nuevos,No se brinda capacitación,Técnicas de ventas,Falta de capacitación;Limitaciones en herramientas tecnológicas,Mejorar la capacitación del equipo;Optimizar el proceso de seguimiento de clientes
2024-10-05,"Algo organizado, pero con áreas de mejora","Herramientas manuales (papel, libretas)",No se realiza seguimiento,No hay metas claras,No se revisa,Total ganancias;Número de clientes nuevos,No se brinda capacitación,Atención al cliente,Falta de clientes;Limitaciones en herramientas tecnológicas,Mejorar la capacitación del equipo;Optimizar el proceso de seguimiento de clientes
2024-10-06,Poco estructurado y desorganizado,"Hojas de cálculo (Excel, Google Sheets)",No se realiza seguimiento,No hay metas claras,No se revisa,Total ganancias;Número de clientes nuevos,Ocasionalmente,Manejo de herramientas tecnológicas,Falta de capacitación;Limitaciones en herramientas tecnológicas,Implementar herramientas tecnológicas
2024-10-06,"Algo organizado, pero con áreas de mejora","Hojas de cálculo (Excel, Google Sheets)","Manualmente, con llamadas o correos",Definido por el gerente sin análisis previo,Mensualmente,Cantidad de productos vendidos;Total ganancias;Número de clientes nuevos,Ocasionalmente,Manejo de herramientas tecnológicas,Falta de clientes;Falta de información del estado de ventas;Falta de capacitación;Limitaciones en herramientas tecnológicas,Mejorar la capacitación del equipo;Implementar herramientas tecnológicas;Optimizar el proceso de seguimiento de clientes
2024-10-06,Poco estructurado y desorganizado,"Herramientas manuales (papel, libretas)","Manualmente, con llamadas o correos",Definido por el gerente sin análisis previo,No se revisa,Cantidad de productos vendidos;Total ganancias;Número de clientes nuevos,No se brinda capacitación,Técnicas de ventas,Falta de información del estado de ventas;Falta de capacitación,Mejorar la capacitación del equipo;Implementar herramientas tecnológicas
2024-10-06,"Algo organizado, pero con áreas de mejora","Herramientas manuales (papel, libretas)","Manualmente, con llamadas o correos",Definido por el gerente sin análisis previo,Mensualmente,Cantidad de productos vendidos;Total ganancias,Ocasionalmente,Técnicas de ventas,Falta de información del estado de ventas;Falta de capacitación,Mejorar la capacitación del equipo;Implementar herramientas tecnológicas
2024-10-06,"Algo organizado, pero con áreas de mejora","Herramientas manuales (papel, libretas)",No se realiza seguimiento,Definido por el gerente sin análisis previo,No se revisa,Cantidad de productos vendidos;Número de clientes nuevos,Ocasionalmente,Técnicas de ventas,Falta de información del estado de ventas;Falta de capacitación,Mejorar la capacitación del equipo;Optimizar el proceso de seguimiento de clientes
2024-10-06,"Algo organizado, pero con áreas de mejora","Herramientas manuales (papel, libretas)",No se realiza seguimiento,Definido por el gerente sin análisis previo,Mensualmente,Número de clientes nuevos,Ocasionalmente,Atención al cliente,Falta de clientes;Falta de información del estado de ventas;Falta de capacitación,Mejorar la capacitación del equipo;Implementar herramientas tecnológicas
2024-10-06,Poco estructurado y desorganizado,"Herramientas manuales (papel, libretas)","Manualmente, con llamadas o correos",Definido por el gerente sin análisis previo,No se revisa,Número de clientes nuevos,Ocasionalmente,Manejo de herramientas tecnológicas,Falta de información del estado de ventas;Falta de capacitación,Mejorar la capacitación del equipo;Implementar herramientas tecnológicas
2024-10-06,Poco estructurado y desorganizado,"Hojas de cálculo (Excel, Google Sheets)","Manualmente, con llamadas o correos",Definido por el gerente sin análisis previo,Mensualmente,Total ganancias;Número de clientes nuevos,Ocasionalmente,Manejo de herramientas tecnológicas,Falta de información del estado de ventas;Falta de capacitación,Implementar herramientas tecnológicas;Optimizar el proceso de seguimiento de clientes
2024-10-06,Poco estructurado y desorganizado,"Hojas de cálculo (Excel, Google Sheets)","Manualmente, con llamadas o correos",Definido por el gerente sin análisis previo,Mensualmente,Cantidad de productos vendidos;Número de clientes nuevos,No se brinda capacitación,Técnicas de ventas,Falta de información del estado de ventas;Limitaciones en herramientas tecnológicas,Implementar herramientas tecnológicas;Optimizar el proceso de seguimiento de clientes
2024-10-06,"Algo organizado, pero con áreas de mejora","Hojas de cálculo (Excel, Google Sheets)","Manualmente, con llamadas o correos",Definido por el gerente sin análisis previo,No se revisa,Número de clientes nuevos,Ocasionalmente,Manejo de herramientas tecnológicas,Falta de información del estado de ventas,Mejorar la capacitación del equipo;Implementar herramientas tecnológicas
2024-10-06,Poco estructurado y desorganizado,"Hojas de cálculo (Excel, Google Sheets)","Manualmente, con llamadas o correos",Definido por el gerente sin análisis previo,No se revisa,Cantidad de productos vendidos;Total ganancias,Ocasionalmente,Técnicas de ventas,Falta de información del estado de ventas;Falta de capacitación,Implementar herramientas tecnológicas;Optimizar el proceso de seguimiento de clientes
2024-10-06,"Algo organizado, pero con áreas de mejora","Hojas de cálculo (Excel, Google Sheets)","Manualmente, con llamadas o correos",Definido por el gerente sin análisis previo,Mensualmente,Total ganancias;Número de clientes nuevos,Ocasionalmente,Manejo de herramientas tecnológicas,Falta de información del estado de ventas;Falta de capacitación,Mejorar la capacitación del equipo;Implementar herramientas tecnológicas
2024-10-06,"Algo organizado, pero con áreas de mejora","Herramientas manuales (papel, libretas)",No se realiza seguimiento,No hay metas claras,No se revisa,Cantidad de productos vendidos;Total ganancias;Número de clientes nuevos,Ocasionalmente,Técnicas de ventas,Falta de información del estado de ventas;Falta de capacitación,Implementar herramientas tecnológicas;Optimizar el proceso de seguimiento de clientes
2024-10-06,Poco estructurado y desorganizado,"Hojas de cálculo (Excel, Google Sheets)","Manualmente, con llamadas o correos",Definido por el gerente sin análisis previo,Mensualmente,Total ganancias;Número de clientes nuevos,Ocasionalmente,Manejo de herramientas tecnológicas,Falta de información del estado de ventas;Falta de capacitación,Implementar herramientas tecnológicas
2024-10-06,Poco estructurado y desorganizado,"Herramientas manuales (papel, libretas)","Manualmente, con llamadas o correos",Definido por el gerente sin análisis previo,Mensualmente,Total ganancias;Número de clientes nuevos,Ocasionalmente,Manejo de herramientas tecnológicas,Falta de información del estado de ventas;Falta de capacitación,Mejorar la capacitación del equipo;Optimizar el proceso de seguimiento de clientes
2024-10-06,Poco estructurado y desorganizado,"Hojas de cálculo (Excel, Google Sheets)","Manualmente, con llamadas o correos",Definido por el gerente sin análisis previo,Mensualmente,Cantidad de productos vendidos;Total ganancias,Ocasionalmente,Manejo de herramientas tecnológicas,Falta de información del estado de ventas;Falta de capacitación,Implementar herramientas tecnológicas
2024-10-06,Poco estructurado y desorganizado,"Hojas de cálculo (Excel, Google Sheets)","Manualmente, con llamadas o correos",Definido por el gerente sin análisis previo,Mensualmente,Total ganancias;Número de clientes nuevos,Ocasionalmente,Técnicas de ventas,Falta de información del estado de ventas;Falta de capacitación,Mejorar la capacitación del equipo;Optimizar el proceso de seguimiento de clientes
2024-10-06,Poco estructurado y desorganizado,"Hojas de cálculo (Excel, Google Sheets)","Manualmente, con llamadas o correos",No hay metas claras,No se revisa,Total ganancias;Número de clientes nuevos,No se brinda capacitación,Técnicas de ventas,Falta de información del estado de ventas;Falta de capacitación,Mejorar la capacitación del equipo;Optimizar el proceso de seguimiento de clientes
2024-10-06,"Algo organizado, pero con áreas de mejora","Hojas de cálculo (Excel, Google Sheets)","Manualmente, con llamadas o correos",No hay metas claras,Mensualmente,Cantidad de productos vendidos;Total ganancias,Ocasionalmente,Manejo de herramientas tecnológicas,Falta de información del estado de ventas;Limitaciones en herramientas tecnológicas,Mejorar la capacitación del equipo;Optimizar el proceso de seguimiento de clientes
2024-10-06,Poco estructurado y desorganizado,"Hojas de cálculo (Excel, Google Sheets)","Manualmente, con llamadas o correos",No hay metas claras,No se revisa,Cantidad de productos vendidos;Total ganancias;Número de clientes nuevos,Ocasionalmente,Técnicas de ventas,Falta de información del estado de ventas;Limitaciones en herramientas tecnológicas,Mejorar la capacitación del equipo;Implementar herramientas tecnológicas
2024-10-06,"Algo organizado, pero con áreas de mejora","Hojas de cálculo (Excel, Google Sheets)","Manualmente, con llamadas o correos",No hay metas claras,No se revisa,Cantidad de productos vendidos;Número de clientes nuevos,Ocasionalmente,Técnicas de ventas,Falta de información del estado de ventas;Falta de capacitación,Mejorar la capacitación del equipo;Implementar herramientas tecnológicas
2024-10-06,Poco estructurado y desorganizado,"Herramientas manuales (papel, libretas)",No se realiza seguimiento,Definido por el gerente sin análisis previo,Mensualmente,Número de clientes nuevos,Ocasionalmente,Manejo de herramientas tecnológicas,Falta de información del estado de ventas;Falta de capacitación,Mejorar la capacitación del equipo;Implementar herramientas tecnológicas
2024-10-06,Poco estructurado y desorganizado,"Hojas de cálculo (Excel, Google Sheets)","Manualmente, con llamadas o correos",Definido por el gerente sin análisis previo,No se revisa,Total ganancias;Número de clientes nuevos,No se brinda capacitación,Técnicas de ventas,Falta de información del estado de ventas;Falta de capacitación;Limitaciones en herramientas tecnológicas,Implementar herramientas tecnológicas;Optimizar el proceso de seguimiento de clientes
2024-10-06,"Algo organizado, pero con áreas de mejora","Hojas de cálculo (Excel, Google Sheets)","Manualmente, con llamadas o correos",Definido por el gerente sin análisis previo,Mensualmente,Cantidad de productos vendidos;Total ganancias,Ocasionalmente,Técnicas de ventas,Falta de información del estado de ventas;Falta de capacitación,Mejorar la capacitación del equipo;Optimizar el proceso de seguimiento de clientes
2024-10-06,"Algo organizado, pero con áreas de mejora","Hojas de cálculo (Excel, Google Sheets)","Manualmente, con llamadas o correos",Definido por el gerente sin análisis previo,Mensualmente,Cantidad de productos vendidos;Total ganancias,Ocasionalmente,Técnicas de ventas,Falta de información del estado de ventas;Falta de capacitación,Mejorar la capacitación del equipo;Implementar herramientas tecnológicas
2024-10-06,"Algo organizado, pero con áreas de mejora","Hojas de cálculo (Excel, Google Sheets)","Manualmente, con llamadas o correos",Definido por el gerente sin análisis previo,Mensualmente,Cantidad de productos vendidos;Total ganancias,Ocasionalmente,Técnicas de ventas,Falta de clientes;Falta de información del estado de ventas,Implementar herramientas tecnológicas;Optimizar el proceso de seguimiento de clientes
2024-10-06,"Algo organizado, pero con áreas de mejora","Hojas de cálculo (Excel, Google Sheets)","Manualmente, con llamadas o correos",Definido por el gerente sin análisis previo,Mensualmente,Cantidad de productos vendidos;Total ganancias,Ocasionalmente,Técnicas de ventas,Falta de información del estado de ventas;Falta de capacitación,Implementar herramientas tecnológicas;Optimizar el proceso de seguimiento de clientes
2024-10-06,"Algo organizado, pero con áreas de mejora","Hojas de cálculo (Excel, Google Sheets)","Manualmente, con llamadas o correos",Definido por el gerente sin análisis previo,Mensualmente,Cantidad de productos vendidos;Total ganancias,Ocasionalmente,Técnicas de ventas,Falta de información del estado de ventas;Falta de capacitación,Implementar herramientas tecnológicas
2024-10-06,"Algo organizado, pero con áreas de mejora","Hojas de cálculo (Excel, Google Sheets)","Manualmente, con llamadas o correos",Definido por el gerente sin análisis previo,Mensualmente,Cantidad de productos vendidos;Total ganancias,No se brinda capacitación,Técnicas de ventas,Falta de clientes;Falta de información del estado de ventas,Implementar herramientas tecnológicas
2024-10-06,Poco estructurado y desorganizado,"Herramientas manuales (papel, libretas)",No se realiza seguimiento,No hay metas claras,No se revisa,Cantidad de productos vendidos;Total ganancias,No se brinda capacitación,Técnicas de ventas,Falta de información del estado de ventas;Falta de capacitación,Mejorar la capacitación del equipo;Implementar herramientas tecnológicas
2024-10-06,Poco estructurado y desorganizado,"Herramientas manuales (papel, libretas)","Manualmente, con llamadas o correos",No hay metas claras,Mensualmente,Cantidad de productos vendidos;Total ganancias,Ocasionalmente,Técnicas de ventas,Falta de información del estado de ventas;Falta de capacitación,Implementar herramientas tecnológicas;Optimizar el proceso de seguimiento de clientes
2024-10-06,Poco estructurado y desorganizado,"Hojas de cálculo (Excel, Google Sheets)","Manualmente, con llamadas o correos",Definido por el gerente sin análisis previo,No se revisa,Cantidad de productos vendidos;Total ganancias,Ocasionalmente,Técnicas de ventas,Falta de información del estado de ventas;Falta de capacitación,Mejorar la capacitación del equipo;Optimizar el proceso de seguimiento de clientes
2024-10-06,"Algo organizado, pero con áreas de mejora","Herramientas manuales (papel, libretas)","Manualmente, con llamadas o correos",No hay metas claras,Mensualmente,Cantidad de productos vendidos;Total ganancias,Ocasionalmente,Técnicas de ventas,Falta de información del estado de ventas,Mejorar la capacitación del equipo;Optimizar el proceso de seguimiento de clientes
2024-10-06,"Algo organizado, pero con áreas de mejora","Herramientas manuales (papel, libretas)","Manualmente, con llamadas o correos",Definido por el gerente sin análisis previo,Mensualmente,Cantidad de productos vendidos;Total ganancias,Ocasionalmente,Técnicas de ventas,Falta de información del estado de ventas;Falta de capacitación,Mejorar la capacitación del equipo;Optimizar el proceso de seguimiento de clientes
